SARS-CoV-2_protein,human_protein
A0A663DJA2,Q16666
A0A663DJA2,P41218
A0A663DJA2,Q6K0P9
A0A663DJA2,O14862
A0A663DJA2,P59036
A0A663DJA2,P12273
A0A663DJA2,Q6I9Y2
A0A663DJA2,Q9Y5V0
A0A663DJA2,Q9UI54
A0A663DJA2,Q9BYC9
A0A663DJA2,P46776
A0A663DJA2,Q96M78
A0A663DJA2,A0A2R8YFL7
A0A663DJA2,Q4LDG9
A0A663DJA2,Q96KB5
A0A663DJA2,O95760
A0A663DJA2,Q6UW88
A0A663DJA2,W6CW81
A0A663DJA2,Q8IZJ6
A0A663DJA2,P43005
A0A663DJA2,Q96MH7
A0A663DJA2,Q8TDX7
A0A663DJA2,P78330
P0DTC2,Q9BYF1
P0DTC2,P12821
P0DTC2,Q9HBJ8
P0DTC2,P68104
P0DTC2,Q5VTE0
P0DTC2,Q05639
P0DTC2,P32969
P0DTC2,P09104
P0DTC2,Q96FJ2
P0DTC2,P63167
P0DTC2,P13929
P0DTC2,P06733
P0DTC2,P52597
P0DTC2,Q9Y3B4
P0DTC2,P31943
P0DTC2,P55795
P0DTC2,P48741
P0DTC2,Q9BUZ4
P0DTC2,Q9Y277
P0DTC2,P45880
P0DTC2,Q6P161
P0DTC3,Q9Y277
P0DTC3,P45880
P0DTC3,P21796
P0DTC3,P13747
P0DTC3,P17693
P0DTC3,P30443
P0DTC3,P04439
P0DTC3,P30508
P0DTC3,P10321
P0DTC3,P01893
P0DTC3,P01889
P0DTC3,P30511
P0DTC3,Q9Y5J9
P0DTC3,Q99470
P0DTC3,P29122
P0DTC3,P13987
P0DTC3,Q9Y5L4
P0DTC3,P29120
P0DTC3,O60220
P0DTC3,P09958
P0DTC3,Q92824
P0DTC3,Q9HCN8
P0DTC3,O60486
P0DTC3,Q96DZ1
P0DTC3,P09884
P0DTC3,P07237
P0DTC3,Q9Y282
P0DTC3,Q9H496
P0DTC3,Q13087
P0DTC3,Q96RQ1
P0DTC3,P14854
P0DTC3,Q8NBS9
P0DTC3,Q14554
P0DTC3,Q95460
P0DTC3,Q9H3P7
P0DTC3,P35232
P0DTC3,P30101
P0DTC3,Q6UW60
P0DTC3,P10809
P0DTC3,Q92896
P0DTC3,Q99623
P0DTC3,O14983
P0DTC3,P48741
P0DTC3,P16519
P0DTC3,Q15392
P0DTC3,Q96IV0
P0DTC3,O14967
P0DTC3,P16615
P0DTC3,P61009
P0DTC3,Q93084
P0DTC3,P27824
P0DTC3,Q15005
P0DTC3,P51571
P0DTC3,P27797
P0DTC3,Q13619
P0DTC3,P48723
P0DTC3,Q9BS26
P0DTC3,Q9BYC5
P0DTC3,Q8N4V1
P0DTC3,Q12907
P0DTC3,Q9BTV4
P0DTC3,P04216
P0DTC3,Q9BUV8
P0DTC3,Q9Y287
P0DTC3,O15258
P0DTC3,Q8IYS2
P0DTC3,Q8N766
P0DTC3,Q3MHD2
P0DTC3,P02751
P0DTC3,O43852
P0DTC3,O15260
P0DTC3,Q13616
P0DTC4,P28065
P0DTC4,P25787
P0DTC4,P60900
P0DTC4,P28072
P0DTC4,P28062
P0DTC4,P25788
P0DTC4,P28074
P0DTC4,P25786
P0DTC4,P28066
P0DTC4,Q8TAA3
P0DTC4,O14818
P0DTC4,P49720
P0DTC4,P25789
P0DTC4,P35998
P0DTC4,Q9UL46
P0DTC4,Q9H0M0
P0DTC4,O00308
P0DTC4,P61289
P0DTC4,Q06323
P0DTC4,P49721
P0DTC4,Q96J02
P0DTC4,P20618
P0DTC4,P62191
P0DTC4,Q99436
P0DTC4,P17980
P0DTC4,P62333
P0DTC4,P43686
P0DTC4,P46934
P0DTC4,Q16739
P0DTC4,P62195
P0DTC4,O95456
P0DTC4,A5LHX3
P0DTC4,Q96PU5
P0DTC4,Q96N66
P0DTC4,Q9H0E2
P0DTC4,P28070
P0DTC4,Q08380
P0DTC4,P40306
P0DTC4,Q9H5V8
P0DTC4,Q99460
P0DTC4,P11279
P0DTC4,Q15008
P0DTC4,Q8TF42
P0DTC4,Q14997
P0DTC4,O15260
P0DTC4,O15269
P0DTC4,P48556
P0DTC4,O60831
P0DTC4,Q9BQB6
P0DTC4,Q15012
P0DTC4,P16070
P0DTC4,Q9HAU4
P0DTC4,Q8NBM4
P0DTC4,P51665
P0DTC4,P50402
P0DTC4,P37173
P0DTC4,Q99623
P0DTC4,O00487
P0DTC4,Q8TED1
P0DTC4,O43242
P0DTC4,Q9HCE7
P0DTC4,P98194
P0DTC4,O15031
P0DTC4,Q96CS3
P0DTC4,Q9NZM1
P0DTC4,P16615
P0DTC4,O14983
P0DTC4,Q8IZ07
P0DTC4,Q9UMY4
P0DTC4,P57075
P0DTC4,Q9UNE7
P0DTC4,P08107
P0DTC4,O60494
P0DTC4,Q5JTV8
P0DTC4,Q9GZU8
P0DTC4,Q8N0U8
P0DTC4,Q7Z4F1
P0DTC4,Q93084
P0DTC4,P55036
P0DTC4,O75185
P0DTC4,Q96SL4
P0DTC4,O60493
P0DTC4,Q8NC54
P0DTC4,P09619
P0DTC4,P30530
P0DTC4,Q9P0P0
P0DTC4,O75923
P0DTC4,P35232
P0DTC4,Q6ZTN6
P0DTC4,Q14517
P0DTC4,P55072
P0DTC4,Q86VI4
P0DTC4,Q86YJ7
P0DTC4,Q8NB90
P0DTC4,Q8NFQ8
P0DTC4,Q8IYU2
P0DTC4,A0AVI2
P0DTC4,O75915
P0DTC4,Q76N89
P0DTC4,Q9P2P5
P0DTC4,P13473
P0DTC4,O15381
P0DTC4,Q9BVQ7
P0DTC4,A2A3N6
P0DTC4,Q8TDW7
P0DTC4,Q9UQ35
P0DTC4,Q9Y4W6
P0DTC4,Q8NBU5
P0DTC4,O75074
P0DTC4,Q9NYQ8
P0DTC4,Q9ULL4
P0DTC5,Q9BWH2
P0DTC5,Q8IVP5
P0DTC5,O00584
P0DTC5,Q16666
P0DTC5,P02774
P0DTC5,Q99460
P0DTC5,P41218
P0DTC5,P04114
P0DTC5,Q8IWT0
P0DTC5,O14972
P0DTC5,A0A075B6Y9
P0DTC5,P04040
P0DTC5,Q13616
P0DTC5,P30041
P0DTC5,Q9UKX7
P0DTC5,O75592
P0DTC5,Q9NVP2
P0DTC5,Q6K0P9
P0DTC5,P49327
P0DTC5,P01042
P0DTC5,Q15629
P0DTC5,A5YKK6
P0DTC5,P02751
P0DTC5,P00558
P0DTC5,Q13137
P0DTC5,Q13561
P0DTC5,P07205
P0DTC5,P02671
P0DTC5,Q15035
P0DTC5,A2RUB6
P0DTC5,P61201
P0DTC5,Q13619
P0DTC5,Q92564
P0DTC5,Q8N609
P0DTC5,Q14692
P0DTC5,Q86VP1
P0DTC5,P02675
P0DTC5,Q8N302
P0DTC5,P68543
P0DTC5,Q9H6D7
P0DTC5,P43243
P0DTC5,Q8NEF9
P0DTC5,Q8WXH0
P0DTC5,Q8NF91
P0DTC5,P51610
P0DTC5,O75521
P0DTC5,O14862
P0DTC5,P63279
P0DTC5,Q5JTC6
P0DTC5,Q92667
P0DTC5,Q9Y294
P0DTC5,P35222
P0DTC5,P0C0L4
P0DTC5,O95154
P0DTC5,Q53SF7
P0DTC5,Q8NHP1
P0DTC5,P0C0L5
P0DTC5,Q8WUM4
P0DTC5,Q9NX95
P0DTC5,O60831
P0DTC5,Q03001
P0DTC5,P78344
P0DTC5,Q86SQ7
P0DTC5,P14543
P0DTC6,P46100
P0DTC6,Q9UER7
P0DTC6,P17066
P0DTC6,P34931
P0DTC6,P48741
P0DTC6,P54652
P0DTC6,P13760
P0DTC7,P28065
P0DTC7,P25787
P0DTC7,P60900
P0DTC7,P28062
P0DTC7,P28072
P0DTC7,P25788
P0DTC7,P28074
P0DTC7,P25786
P0DTC7,P28066
P0DTC7,Q8TAA3
P0DTC7,O14818
P0DTC7,P49720
P0DTC7,P25789
P0DTC7,P35998
P0DTC7,Q9UL46
P0DTC7,Q9H0M0
P0DTC7,O00308
P0DTC7,P61289
P0DTC7,Q06323
P0DTC7,P49721
P0DTC7,Q96J02
P0DTC7,P20618
P0DTC7,P62191
P0DTC7,Q99436
P0DTC7,P17980
P0DTC7,P62333
P0DTC7,P43686
P0DTC7,P46934
P0DTC7,Q16739
P0DTC7,P62195
P0DTC7,O95456
P0DTC7,A5LHX3
P0DTC7,Q96PU5
P0DTC7,Q96N66
P0DTC7,Q9H0E2
P0DTC7,P28070
P0DTC7,P40306
P0DTC7,Q9H5V8
P0DTC7,Q99460
P0DTC7,P11279
P0DTC7,Q15008
P0DTC7,Q08380
P0DTC7,Q8TF42
P0DTC7,Q14997
P0DTC7,O15260
P0DTC7,O15269
P0DTC7,P48556
P0DTC7,O60831
P0DTC7,Q9BQB6
P0DTC7,Q9HAU4
P0DTC7,P16070
P0DTC7,Q15012
P0DTC7,Q8NBM4
P0DTC7,P51665
P0DTC7,P50402
P0DTC7,Q9HCE7
P0DTC7,P37173
P0DTC7,O43889
P0DTC7,Q99623
P0DTC7,O00487
P0DTC7,Q8TED1
P0DTC7,O43242
P0DTC7,P98194
P0DTC7,O15031
P0DTC7,Q96CS3
P0DTC7,Q9NZM1
P0DTC7,P57075
P0DTC7,P16615
P0DTC7,P50222
P0DTC7,O14983
P0DTC7,Q8IZ07
P0DTC7,Q9UMY4
P0DTC7,Q8N0U8
P0DTC7,Q9GZU8
P0DTC7,O60494
P0DTC7,Q5JTV8
P0DTC7,Q7Z4F1
P0DTC7,Q93084
P0DTC7,P55036
P0DTC7,O75185
P0DTC7,Q96SL4
P0DTC7,O60493
P0DTC7,Q8NC54
P0DTC7,P09619
P0DTC7,Q9UNE7
P0DTC7,P08107
P0DTC7,P27694
P0DTC7,P30530
P0DTC7,O75923
P0DTC7,Q9P0P0
P0DTC7,P35232
P0DTC7,Q6ZTN6
P0DTC7,P55072
P0DTC7,Q8NB90
P0DTC7,Q86VI4
P0DTC7,Q14517
P0DTC7,Q8NFQ8
P0DTC7,Q8IYU2
P0DTC7,Q86YJ7
P0DTC7,Q76N89
P0DTC7,Q9P2P5
P0DTC7,A0AVI2
P0DTC7,O75915
P0DTC7,P13473
P0DTC7,O15381
P0DTC7,Q9BVQ7
P0DTC7,A2A3N6
P0DTC7,Q9Y4W6
P0DTC7,Q8TDW7
P0DTC7,Q8NBU5
P0DTC7,Q9UQ35
P0DTC7,O15033
P0DTC7,Q92905
P0DTC7,Q5U5R9
P0DTC7,O75074
P0DTC7,Q9NZC7
P0DTC7,P16234
P0DTC7,Q9ULL4
P0DTC7,Q9NYQ8
P0DTC7,Q9BW62
P0DTC7,Q9UN37
P0DTC7,Q9UQ90
P0DTC7,Q2WGJ9
P0DTC7,Q9H4B6
P0DTC8,Q9H2P0
P0DTC8,Q14790
P0DTC8,O75179
P0DTC8,P30622
P0DTC8,P27348
P0DTC8,P61981
P0DTC8,Q8IWZ3
P0DTC8,Q04917
P0DTC8,P63104
P0DTC8,P31947
P0DTC8,P62258
P0DTC8,P31946
P0DTC8,Q6IQ32
P0DTC8,Q6EEV6
P0DTC8,Q9UDT6
P0DTC8,P61956
P0DTC8,P55854
P0DTC8,Q92851
P0DTC8,P63165
P0DTC8,G2XKQ0
P0DTC8,P42574
P0DTC8,P60174
P0DTC8,Q8N3C7
P0DTC8,Q99426
P0DTC8,P55210
P0DTC8,Q96DZ5
P0DTC8,Q13158
P0DTC8,O95292
P0DTC8,O43889
P0DTC8,P0DKX4
P0DTC8,Q86TA1
P0DTC8,A8KA83
P0DTC8,Q9P0L0
P0DTC8,P09543
P0DTC8,Q7L9L4
P0DTC8,Q9H8S9
P0DTC8,Q8N6N6
P0DTC8,Q96HA8
P0DTC8,P42677
P0DTC9,P63165
P0DTC9,G2XKQ0
P0DTC9,Q6EEV6
P0DTC9,P61956
P0DTC9,P55854
P0DTC9,Q32P51
P0DTC9,P09651
P0DTC9,P22626
P0DTC9,P51991
P0DTC9,Q13151
P0DTC9,Q14103
P0DTC9,Q3LI63
P0DTC9,Q99729
P0DTC9,O14979
P0DTC9,Q8N9U9
P0DTC9,Q14011
P0DTC9,Q3LI67
P0DTC9,Q8N7X1
P0DTC9,Q8IUC3
P0DTC9,Q96DH6
P0DTC9,Q9XRX5
P0DTC9,O43347
P0DTC9,Q96EP5
P0DTC9,Q5GAN4
P0DTC9,Q13148
P0DTC9,Q93062
P0DTC9,Q92804
P0DTC9,P98179
P0DTC9,O75526
P0DTC9,B1AH88
P0DTC9,Q7Z4W3
P0DTD2,P12814
P0DTD2,O43707
P0DTD2,Q08043
P0DTD2,A1L0V1
P0DTD2,Q9H2P0
P0DTD2,P35609
P0DTD2,Q96FJ2
P0DTD2,P63167
P0DTD2,O60684
P0DTD2,O15131
P0DTD2,P52294
P0DTD2,O00505
P0DTD2,O00629
P0DTD2,P52292
P0DTD2,P67870
P0DTD2,P08708
P0DTD2,O75179
P0DTD2,A9QM74
P0DTD2,P30622
P0DTD2,Q15326
P0DTD2,P06400
P0DTD2,P40692
P0DTD2,P29590
P0DTD2,O96015
P0DTD2,Q96IK5
P0DTD2,Q9UER7
P0DTD2,Q8NEA9
P0DTD2,P24278
P0DTD2,Q8IWZ3
P0DTD2,Q96MC5
P0DTD2,Q6IQ32
P0DTD2,Q9C035
P0DTD2,Q9UDT6
P0DTD2,Q9Y5V3
P0DTD2,P19784
P0DTD2,Q8N6Y0
P0DTD2,Q8NEV1
P0DTD2,Q9HBI5
P0DTD2,P68400
P0DTD2,P11021
P0DTD2,Q8N3C7
P0DTD2,Q99426
P0DTD2,Q96DZ5
P0DTD3,P28799
P0DTD3,Q9UBX5
P0DTD3,Q6FH22
P0DTD3,B2RCM5
P0DTD3,O95967
P0DTD3,Q6PKC3
P0DTD3,Q12805
P0DTD3,P63279
P0DTD3,Q9UBP4
P0DTD3,Q9UHF1
P0DTD3,Q9NSC5
P0DTD3,Q9GZV4
P0DTD3,P98095
P0DTD3,Q86V58
P0DTD3,Q6ZRY4
P0DTD3,Q6IS14
P0DTD3,P63241
P0DTD3,Q96NA8
P0DTD3,Q8IUQ4
P0DTD3,Q93062
P0DTD3,Q9Y228
P0DTD3,P27348
P0DTD3,Q8N2S1
P0DTD3,A0PG75
P0DTD3,P61981
P0DTD3,O43255
P0DTD3,P52597
P0DTD3,P63104
P0DTD3,P62877
P0DTD3,P15259
P0DTD3,O15162
P0DTD3,P31943
P0DTD3,P68104
P0DTD3,P55795
P0DTD3,P62258
P0DTD3,Q5VTE0
P0DTD3,Q04917
P0DTD3,Q05639
P0DTD3,Q9NRY7
P0DTD3,Q32P51
P0DTD3,P31947
P0DTD3,P55268
P0DTD3,P31946
P0DTD3,Q9NRY6
P0DTD3,P31942
P0DTD3,P09884
P0DTD3,P18669
P0DTD3,Q13616
P0DTD3,O75569
P0DTD3,Q8N0Y7
P0DTD3,Q86YM7
P0DTD3,P09651
P0DTD3,P23142
P0DTD3,Q15365
P0DTD3,Q9NZI8
P0DTD3,O00425
P0DTD3,P63208
P0DTD3,Q15366
P0DTD3,P46379
P0DTD3,P51991
P0DTD3,Q15633
P0DTD3,P22626
P0DTD3,Q02818
P0DTD3,Q9NSB8
P0DTD3,P62140
P0DTD3,Q9Y6M1
P0DTD3,Q8WXE0
P0DTD3,P16520
P0DTD3,Q99729
P0DTD3,Q9NRQ2
P0DTD3,Q14103
P0DTD3,A1L0V1
P0DTD3,Q9HAV0
P0DTD3,P57721
P0DTD3,P07738
P0DTD3,Q13151
P0DTD3,P05141
P0DTD3,P36873
P0DTD3,P35555
P0DTD3,P62879
P0DTD3,P12236
P0DTD3,Q75N90
P0DTD3,P62136
P0DTD3,P35556
P0DTD3,P12235
P0DTD3,O95793
P0DTD8,Q13077
P0DTD8,Q12933
P0DTD8,Q13114
P0DTD8,P21580
P0DTD8,O00463
P0DTD8,O15259
P0DTD8,Q9Y5X1
P0DTD8,Q15326
P0DTD8,Q9UI14
P0DTD8,P08631
P0DTD8,Q92882
P0DTD8,P06241
P0DTD8,P07948
P0DTD8,Q92985
P0DTD8,P16333
P0DTD8,P08962
P0DTD8,P12931
P0DTD8,O43639
P0DTD8,P42680
P0DTD8,Q9UHF1
P0DTD8,P06239
P0DTD8,Q15628
P0DTD8,P51451
P0DTD8,P07947
P0DTD8,P09769
P0DTD8,Q9Y4K3
P0DTD8,Q9BUZ4
P0DTD8,Q9NZM3
P0DTD8,Q08881
P0DTD8,P27986
P0DTD8,P42685
P0DTD8,Q9UNE7
P0DTD8,P08107
P0DTD8,O95153
P0DTD8,Q92569
P0DTD8,P42681
P0DTD8,Q06187
P0DTD8,Q13239
P0DTD8,O00459
P0DTD8,O75438
P0DTD8,Q15811
P0DTD8,Q9H6Q3
P0DTD8,P51813
P0DTD8,Q13882
P0DTD8,Q5RI15
P0DTD8,O60831
P0DTD8,Q9H3Y6
P0DTD8,P09543
P0DTD8,Q8TC17
P0DTD8,O60488
P0DTD8,O95573
P0DTD8,P42677
P0DTD8,Q8WV41
P0DTD8,Q71UM5
P0DTD8,P62993
P0DTD8,Q9BQB6
P0DTD8,Q8N0U8
P0DTD8,O94905
P0DTD8,P46977
P0DTD8,P07858
P0DTD8,Q8TCJ2
P0DTD8,P41240
P0DTD8,Q96N66
P0DTD8,P11717
P0DTD8,Q13588
P0DTD8,O75477
P0DTD8,O15034
P0DTD8,Q9Y6N5
P0DTD8,Q96RF0
P0DTD8,Q99944
P0DTD8,O15321
P0DTD8,Q96K49
P0DTD8,Q9BUN8
P0DTD8,Q99805
P0DTD8,Q6P1A2
P0DTD8,Q8NBN3
P0DTD8,Q96IX5
P0DTD8,Q9HD45
P0DTD8,P21964
P0DTD8,O95831
