SARS-CoV-2_protein,human_protein
A0A663DJA2,Q16666
A0A663DJA2,Q6K0P9
A0A663DJA2,P41218
A0A663DJA2,O43186
A0A663DJA2,O14862
A0A663DJA2,P32243
A0A663DJA2,P32242
A0A663DJA2,Q5H9J7
A0A663DJA2,Q16558
A0A663DJA2,B4DJY2
A0A663DJA2,Q9BSR8
A0A663DJA2,Q8WVH0
A0A663DJA2,Q8N976
A0A663DJA2,Q7Z4U5
A0A663DJA2,Q6RVD6
A0A663DJA2,Q9NRF9
A0A663DJA2,Q00765
A0A663DJA2,A0A0C4DH28
A0A663DJA2,P60604
A0A663DJA2,Q9HBW0
A0A663DJA2,P59036
A0A663DJA2,Q5T4H9
P0DTC1,P62753
P0DTC1,O75348
P0DTC1,O95670
P0DTC1,Q96LB4
P0DTC1,P27824
P0DTC1,P55265
P0DTC1,Q96NC0
P0DTC1,O14967
P0DTC1,Q9NX52
P0DTC1,Q9H8V8
P0DTC1,Q9NXX6
P0DTC1,P62988
P0DTC1,P0CG47
P0DTC1,Q8N140
P0DTC1,O14735
P0DTC1,Q9NX24
P0DTC2,Q9BYF1
P0DTC2,P55265
P0DTC2,P12821
P0DTC2,P27824
P0DTC2,Q9HBJ8
P0DTC2,O14967
P0DTC2,P01889
P0DTC2,P10321
P0DTC2,P27797
P0DTC2,P48741
P0DTC2,P0DMV9
P0DTC2,P0DMV8
P0DTC2,P13760
P0DTC2,P11142
P0DTC2,P17066
P0DTC2,P34931
P0DTC2,P04439
P0DTC2,P30443
P0DTC2,P54652
P0DTC2,P30508
P0DTC2,P11021
P0DTC2,P01893
P0DTC2,P68371
P0DTC3,P01889
P0DTC3,P10321
P0DTC3,P27824
P0DTC3,P04439
P0DTC3,P30443
P0DTC3,P30508
P0DTC3,O14967
P0DTC3,P17693
P0DTC3,P01893
P0DTC3,P13747
P0DTC3,P30511
P0DTC3,P27797
P0DTC3,P29122
P0DTC3,P45880
P0DTC3,P21796
P0DTC3,P48741
P0DTC3,Q92824
P0DTC3,Q9Y277
P0DTC3,P09958
P0DTC3,P29120
P0DTC3,Q95460
P0DTC3,Q8NBS9
P0DTC3,P07237
P0DTC3,P17066
P0DTC3,Q13087
P0DTC3,P16615
P0DTC3,Q93084
P0DTC3,P13760
P0DTC4,P62195
P0DTC4,O00308
P0DTC4,P62191
P0DTC4,Q9H0M0
P0DTC4,P62333
P0DTC4,P35998
P0DTC4,Q96J02
P0DTC4,P43686
P0DTC4,P17980
P0DTC4,Q96PU5
P0DTC4,P46934
P0DTC4,P25787
P0DTC4,P28065
P0DTC4,O14818
P0DTC4,P28072
P0DTC4,P28066
P0DTC4,Q06323
P0DTC4,P28062
P0DTC4,P28074
P0DTC4,P25789
P0DTC4,Q8TAA3
P0DTC4,P25788
P0DTC4,P60900
P0DTC4,P25786
P0DTC4,Q9UL46
P0DTC4,Q9HAU4
P0DTC4,P61289
P0DTC4,Q9HCE7
P0DTC4,O60494
P0DTC4,P98194
P0DTC4,P16615
P0DTC4,Q99436
P0DTC4,P08107
P0DTC4,Q9UNE7
P0DTC4,Q9UQ35
P0DTC4,P28070
P0DTC4,P49720
P0DTC4,Q14517
P0DTC4,Q9NZM1
P0DTC4,O14983
P0DTC4,Q14997
P0DTC4,P30530
P0DTC4,Q16739
P0DTC4,O15031
P0DTC4,Q9H5V8
P0DTC4,Q7Z4F1
P0DTC4,Q8TF42
P0DTC4,P09619
P0DTC5,P27824
P0DTC5,O14967
P0DTC5,P27797
P0DTC5,Q16666
P0DTC5,P51610
P0DTC5,Q96L12
P0DTC5,Q15629
P0DTC5,Q6K0P9
P0DTC5,P41218
P0DTC5,Q9NVP2
P0DTC5,Q13616
P0DTC5,Q8N609
P0DTC5,Q13619
P0DTC5,P16615
P0DTC5,P02751
P0DTC5,O14983
P0DTC5,Q13813
P0DTC5,Q9NZM1
P0DTC5,O60831
P0DTC5,P04114
P0DTC5,Q99715
P0DTC5,Q99460
P0DTC5,Q93084
P0DTC5,O15020
P0DTC6,P55265
P0DTC6,P78563
P0DTC6,Q9NS39
P0DTC6,P46100
P0DTC6,Q15633
P0DTC6,P17066
P0DTC6,Q9UER7
P0DTC6,P19525
P0DTC6,Q9BUB4
P0DTC6,Q9QC07
P0DTC6,P48741
P0DTC6,P54652
P0DTC7,P27824
P0DTC7,O14967
P0DTC7,P62195
P0DTC7,P62191
P0DTC7,O00308
P0DTC7,P62333
P0DTC7,Q9H0M0
P0DTC7,P35998
P0DTC7,Q96J02
P0DTC7,P43686
P0DTC7,P17980
P0DTC7,Q96PU5
P0DTC7,P46934
P0DTC7,P28065
P0DTC7,P25787
P0DTC7,O14818
P0DTC7,P28072
P0DTC7,P28066
P0DTC7,Q06323
P0DTC7,P25789
P0DTC7,P28062
P0DTC7,P28074
P0DTC7,Q8TAA3
P0DTC7,P60900
P0DTC7,P25788
P0DTC7,P25786
P0DTC7,Q9HAU4
P0DTC7,Q9UL46
P0DTC7,P61289
P0DTC7,Q9HCE7
P0DTC7,P27797
P0DTC7,O60494
P0DTC7,P98194
P0DTC7,P16615
P0DTC7,Q99436
P0DTC7,P49720
P0DTC7,P28070
P0DTC7,Q16739
P0DTC7,Q9UQ35
P0DTC7,Q8TF42
P0DTC7,O14983
P0DTC7,Q14517
P0DTC7,Q9NZM1
P0DTC7,O60831
P0DTC8,P27348
P0DTC8,P31946
P0DTC8,Q04917
P0DTC8,P61981
P0DTC8,P63104
P0DTC8,P31947
P0DTC8,O75179
P0DTC8,P30622
P0DTC8,Q9NYW8
P0DTC8,Q9H2P0
P0DTC8,Q14790
P0DTC8,P62258
P0DTC8,P07437
P0DTC8,P68371
P0DTC8,Q7L9L4
P0DTC8,Q9H8S9
P0DTC8,P05141
P0DTC8,P12236
P0DTC8,P04350
P0DTC8,Q9BVA1
P0DTC8,Q13885
P0DTC8,P08631
P0DTC8,P07948
P0DTC8,P06239
P0DTC8,Q9BUF5
P0DTC8,Q13509
P0DTC8,Q3ZCM7
P0DTC8,P12235
P0DTC8,A6NNZ2
P0DTC8,P06241
P0DTC8,P61956
P0DTC8,Q9H4B7
P0DTC8,Q6EEV6
P0DTC8,Q9P0L0
P0DTC8,O95292
P0DTC8,P55854
P0DTC8,A8KA83
P0DTC8,Q9H0C2
P0DTC8,Q96BX8
P0DTC8,Q86TA1
P0DTC8,Q70IA8
P0DTC8,P51451
P0DTC8,Q9H7B4
P0DTC8,P07947
P0DTC8,O94966
P0DTC8,P12931
P0DTC8,P62993
P0DTC8,Q562R1
P0DTC8,O14654
P0DTC8,P09769
P0DTC8,P55209
P0DTC8,Q00325
P0DTC8,P11021
P0DTC8,Q15717
P0DTC8,P05455
P0DTC8,O00499
P0DTC8,P06748
P0DTC8,P06733
P0DTC8,Q04941
P0DTC8,Q14318
P0DTC8,P10809
P0DTC8,P60174
P0DTC8,Q06830
P0DTC8,P62937
P0DTC8,Q8IWZ3
P0DTC8,P60709
P0DTC8,P63261
P0DTC8,P63165
P0DTC8,P13929
P0DTC8,P68032
P0DTC8,P62736
P0DTC8,P63267
P0DTC8,P09104
P0DTC8,P16949
P0DTC8,G2XKQ0
P0DTC8,P68133
P0DTC8,P10599
P0DTC8,P14174
P0DTC8,Q9Y536
P0DTC8,P29966
P0DTC8,Q9BYX7
P0DTC8,A0A0B4J2A2
P0DTC8,P80723
P0DTC8,P0DN37
P0DTC8,A0A075B767
P0DTC8,P0DN26
P0DTC8,A0A075B759
P0DTC8,P61604
P0DTC8,F5H284
P0DTC8,P32119
P0DTC8,Q09472
P0DTC8,C9JDS9
P0DTC8,Q92793
P0DTC8,P0DPH8
P0DTC8,P0DPH7
P0DTC8,Q9NY65
P0DTC8,Q6PEY2
P0DTC8,Q9UDT6
P0DTC8,Q9BQE3
P0DTC8,Q71U36
P0DTC8,P68363
P0DTC8,P68366
P0DTC8,Q8WUI4
P0DTC8,Q70IA6
P0DTC8,A6NHL2
P0DTC8,Q16666
P0DTC8,P56524
P0DTC8,P33993
P0DTC8,P13489
P0DTC8,P33992
P0DTC8,O94964
P0DTC8,P25205
P0DTC8,P42685
P0DTC8,Q96DZ5
P0DTC8,Q8N3C7
P0DTC8,Q99733
P0DTC8,P49023
P0DTC9,P09651
P0DTC9,P63165
P0DTC9,G2XKQ0
P0DTC9,P55854
P0DTC9,P61956
P0DTC9,Q6EEV6
P0DTC9,Q32P51
P0DTC9,P22626
P0DTC9,P51991
P0DTC9,Q13151
P0DTC9,Q14103
P0DTC9,Q99729
P0DTC9,P27824
P0DTC9,O14979
P0DTC9,O14967
P0DTC9,Q96KK5
P0DTD1,O75348
P0DTD1,P62753
P0DTD1,O95670
P0DTD1,Q96LB4
P0DTD1,P55265
P0DTD1,P27824
P0DTD1,O14967
P0DTD1,Q9NXX6
P0DTD1,Q96NC0
P0DTD1,Q8N140
P0DTD1,P62988
P0DTD1,P0CG47
P0DTD1,Q9NX52
P0DTD1,Q9H8V8
P0DTD1,P0CG48
P0DTD1,Q9H7B2
P0DTD1,P27797
P0DTD2,P27824
P0DTD2,P55265
P0DTD2,O14967
P0DTD2,O43707
P0DTD2,P12814
P0DTD2,P35609
P0DTD2,A1L0V1
P0DTD2,Q08043
P0DTD2,P27797
P0DTD2,O00505
P0DTD2,O00629
P0DTD2,O60684
P0DTD2,P52294
P0DTD2,O15131
P0DTD2,O43186
P0DTD2,P52292
P0DTD2,Q96L12
P0DTD2,A9QM74
P0DTD2,P63167
P0DTD2,Q96FJ2
P0DTD2,P78563
P0DTD2,Q9NS39
P0DTD2,P24941
P0DTD2,Q9QC07
P0DTD2,Q9Y5V3
P0DTD2,P63133
P0DTD2,Q8N6Y0
P0DTD3,P55265
P0DTD3,P27824
P0DTD3,O14967
P0DTD3,P31943
P0DTD3,P63104
P0DTD3,P55795
P0DTD3,P31946
P0DTD3,P27348
P0DTD3,Q9NSC5
P0DTD3,P52597
P0DTD3,Q04917
P0DTD3,P62258
P0DTD3,P31947
P0DTD3,P61981
P0DTD3,P62879
P0DTD3,Q9HAV0
P0DTD3,P31942
P0DTD3,P62873
P0DTD3,Q8IUQ4
P0DTD3,P16520
P0DTD3,P68104
P0DTD3,P27797
P0DTD3,Q5VTE0
P0DTD3,Q05639
P0DTD3,P36873
P0DTD3,P05141
P0DTD3,P12235
P0DTD3,P12236
P0DTD3,Q32P51
P0DTD3,P62136
P0DTD3,P62140
P0DTD3,P18669
P0DTD3,P28799
P0DTD3,P07437
P0DTD3,Q8N0Y7
P0DTD3,P68371
P0DTD3,Q15366
P0DTD8,P08631
P0DTD8,P07948
P0DTD8,P06241
P0DTD8,P12931
P0DTD8,P27824
P0DTD8,P07947
P0DTD8,P42680
P0DTD8,P16333
P0DTD8,P06239
P0DTD8,P51451
P0DTD8,P09769
P0DTD8,Q9NZM3
P0DTD8,P27986
P0DTD8,O95153
P0DTD8,Q9Y5X1
P0DTD8,O15259
P0DTD8,Q92882
P0DTD8,O14967
P0DTD8,Q13077
P0DTD8,O43639
P0DTD8,Q12933
P0DTD8,Q92569
P0DTD8,Q13114
P0DTD8,P42685
P0DTD8,Q13239
P0DTD8,Q08881
P0DTD8,P42681
P0DTD8,O00459
P0DTD8,P21580
P0DTD8,Q06187
P0DTD8,Q15326
P0DTD8,P08962
P0DTD8,Q9UMX0
P0DTD8,Q92985
P0DTD8,Q9UHF1
P0DTD8,P08107
P0DTD8,Q9UNE7
P0DTD8,Q15811
P0DTD8,Q9UI14
P0DTD8,Q15628
P0DTD8,Q9H6Q3
P0DTD8,P51813
P0DTD8,P27797
P0DTD8,O00463
P0DTD8,O15034
P0DTD8,Q8WV41
P0DTD8,Q13882
P0DTD8,Q9UHD9
P0DTD8,Q96L12
P0DTD8,Q96RF0
P0DTD8,Q9H3Y6
P0DTD8,Q9NRR5
P0DTD8,Q9BUZ4
P0DTD8,P41240
P0DTD8,Q9UFD9
P0DTD8,A6NJZ7
P0DTD8,A6NNM3
P0DTD8,Q9H347
P0DTD8,P62993
P0DTD8,P00519
P0DTD8,B4DJY2
P0DTD8,P46109
P0DTD8,Q9Y4K3
P0DTD8,P42684
P0DTD8,Q6UX65
P0DTD8,Q13588
P0DTD8,P42566
P0DTD8,O97980
P0DTD8,P46108
P0DTD8,Q8TC17
P0DTD8,Q8IYU4
P0DTD8,Q8N8J7
P0DTD8,Q8N7U9
P0DTD8,Q9UBC2
P0DTD8,P42679
P0DTD8,Q9H4M9
P0DTD8,Q8WVX3
P0DTD8,Q96N68
